{"0174.png":{"a":{"x":1210.9509011808577,"y":534.3567433188316},"b":{"x":1495.9105034182724,"y":524.5742697327532},"c":{"x":1680.3169670602858,"y":513.5985083903046}},"0175.png":{"a":{"x":1208.564325668117,"y":534.3567433188316},"b":{"x":1485.1709136109382,"y":518.6078309509012},"c":{"x":1669.5773772529521,"y":505.2454940957116}},"0176.png":{"a":{"x":1195.4381603480424,"y":528.3903045369794},"b":{"x":1474.4313238036048,"y":511.4481044126786},"c":{"x":1660.3480422622747,"y":504.0522063393412}},"0177.png":{"a":{"x":1188.2784338098197,"y":522.4238657551274},"b":{"x":1468.4648850217527,"y":504.28837787445616},"c":{"x":1651.9950279676818,"y":494.5059042883779}},"0178.png":{"a":{"x":1181.1187072715973,"y":511.6842759477936},"b":{"x":1461.3051584835302,"y":494.74207582349277},"c":{"x":1646.0285891858298,"y":482.5730267246737}},"0179.png":{"a":{"x":1175.1522684897452,"y":498.5581106277191},"b":{"x":1452.9521441889374,"y":476.8427594779366},"c":{"x":1635.2889993784959,"y":469.44686140459913}},"0180.png":{"a":{"x":1160.8328154133003,"y":484.23865755127406},"b":{"x":1441.019266625233,"y":463.716594157862},"c":{"x":1624.5494095711622,"y":455.12740832815416}},"0181.png":{"a":{"x":1147.7066500932256,"y":478.272218769422},"b":{"x":1430.2796768178994,"y":457.7501553760099},"c":{"x":1613.8098197638285,"y":446.77439403356124}},"0182.png":{"a":{"x":1135.7737725295215,"y":469.9192044748291},"b":{"x":1411.1870727159728,"y":444.62399005593534},"c":{"x":1599.4903666873836,"y":440.80795525170913}},"0183.png":{"a":{"x":1123.8408949658174,"y":462.7594779366066},"b":{"x":1406.4139216904912,"y":444.62399005593534},"c":{"x":1588.7507768800497,"y":436.0348042262275}},"0184.png":{"a":{"x":1116.681168427595,"y":460.37290242386575},"b":{"x":1396.8676196395277,"y":441.04412678682405},"c":{"x":1578.011187072716,"y":431.2616532007458}},"0185.png":{"a":{"x":1104.7482908638906,"y":461.56619018023616},"b":{"x":1384.9347420758236,"y":441.04412678682405},"c":{"x":1569.6581727781231,"y":430.0683654443754}},"0186.png":{"a":{"x":1094.008701056557,"y":465.1460534493474},"b":{"x":1374.19515226849,"y":443.4307022995649},"c":{"x":1557.725295214419,"y":431.2616532007458}},"0187.png":{"a":{"x":1084.4623990055936,"y":469.9192044748291},"b":{"x":1364.6488502175266,"y":447.01056556867616},"c":{"x":1545.7924176507147,"y":434.8415164698571}},"0188.png":{"a":{"x":1078.4959602237416,"y":472.30577998756996},"b":{"x":1355.102548166563,"y":448.20385332504657},"c":{"x":1537.4394033561218,"y":437.2280919825979}},"0189.png":{"a":{"x":1073.72280919826,"y":471.11249223119944},"b":{"x":1349.136109384711,"y":448.20385332504657},"c":{"x":1532.6662523306402,"y":436.0348042262275}},"0190.png":{"a":{"x":1067.7563704164077,"y":475.8856432566812},"b":{"x":1347.9428216283407,"y":450.5904288377874},"c":{"x":1529.086389061529,"y":439.6146674953387}},"0191.png":{"a":{"x":1067.7563704164077,"y":479.4655065257924},"b":{"x":1346.7495338719702,"y":456.5568676196395},"c":{"x":1530.2796768178994,"y":443.19453076445}},"0192.png":{"a":{"x":1068.949658172778,"y":486.6252330640149},"b":{"x":1347.9428216283407,"y":462.5233064014916},"c":{"x":1529.086389061529,"y":447.96768178993165}},"0193.png":{"a":{"x":1072.5295214418893,"y":494.97824735860786},"b":{"x":1347.9428216283407,"y":470.87632069608446},"c":{"x":1531.4729645742698,"y":456.32069608452457}},"0194.png":{"a":{"x":1076.1093847110008,"y":502.1379738968303},"b":{"x":1349.136109384711,"y":474.4561839651957},"c":{"x":1536.2461155997514,"y":461.0938471100062}},"0195.png":{"a":{"x":1079.689247980112,"y":505.71783716594155},"b":{"x":1355.102548166563,"y":479.22933499067744},"c":{"x":1539.8259788688626,"y":463.4804226227471}},"0196.png":{"a":{"x":1082.0758234928528,"y":508.10441267868237},"b":{"x":1355.102548166563,"y":479.22933499067744},"c":{"x":1535.052827843381,"y":463.4804226227471}},"0197.png":{"a":{"x":1078.4959602237416,"y":506.91112492231196},"b":{"x":1357.489123679304,"y":480.42262274704785},"c":{"x":1537.4394033561218,"y":467.0602858918583}},"0198.png":{"a":{"x":1080.8825357364824,"y":505.71783716594155},"b":{"x":1355.102548166563,"y":479.22933499067744},"c":{"x":1538.6326911124922,"y":463.4804226227471}},"0199.png":{"a":{"x":1079.689247980112,"y":505.71783716594155},"b":{"x":1355.102548166563,"y":478.03604723430703},"c":{"x":1539.8259788688626,"y":464.6737103791175}},"0200.png":{"a":{"x":1083.2691112492232,"y":506.91112492231196},"b":{"x":1359.8756991920447,"y":479.22933499067744},"c":{"x":1539.8259788688626,"y":465.8669981354879}},"0201.png":{"a":{"x":1082.0758234928528,"y":509.2977004350528},"b":{"x":1358.6824114356743,"y":481.61591050341826},"c":{"x":1545.7924176507147,"y":471.83343691734}},"0202.png":{"a":{"x":1082.0758234928528,"y":510.4909881914232},"b":{"x":1359.8756991920447,"y":484.0024860161591},"c":{"x":1543.4058421379739,"y":470.64014916096954}},"0203.png":{"a":{"x":1086.8489745183344,"y":514.0708514605345},"b":{"x":1361.0689869484152,"y":484.0024860161591},"c":{"x":1543.4058421379739,"y":473.0267246737104}},"0204.png":{"a":{"x":1088.0422622747049,"y":515.2641392169049},"b":{"x":1363.4555624611562,"y":487.5823492852703},"c":{"x":1548.1789931634555,"y":471.83343691734}},"0205.png":{"a":{"x":1088.0422622747049,"y":515.2641392169049},"b":{"x":1364.6488502175266,"y":487.5823492852703},"c":{"x":1549.372280919826,"y":471.83343691734}},"0206.png":{"a":{"x":1091.622125543816,"y":520.0372902423866},"b":{"x":1369.4220012430083,"y":488.7756370416407},"c":{"x":1552.9521441889372,"y":471.83343691734}},"0207.png":{"a":{"x":1096.3952765692977,"y":518.8440024860162},"b":{"x":1371.808576755749,"y":488.7756370416407},"c":{"x":1554.1454319453076,"y":473.0267246737104}},"0208.png":{"a":{"x":1099.975139838409,"y":521.230577998757},"b":{"x":1373.0018645121195,"y":489.96892479801113},"c":{"x":1558.9185829707894,"y":474.2200124300808}},"0209.png":{"a":{"x":1103.5550031075202,"y":521.230577998757},"b":{"x":1374.19515226849,"y":492.35550031075195},"c":{"x":1561.3051584835302,"y":477.79987569919206}},"0210.png":{"a":{"x":1103.5550031075202,"y":524.8104412678682},"b":{"x":1377.7750155376011,"y":495.9353635798632},"c":{"x":1562.4984462399007,"y":477.79987569919206}},"0211.png":{"a":{"x":1104.7482908638906,"y":524.8104412678682},"b":{"x":1381.3548788067123,"y":495.9353635798632},"c":{"x":1561.3051584835302,"y":477.79987569919206}},"0212.png":{"a":{"x":1108.3281541330018,"y":528.3903045369794},"b":{"x":1382.5481665630828,"y":498.3219390926041},"c":{"x":1562.4984462399007,"y":481.3797389683033}},"0213.png":{"a":{"x":1109.5214418893722,"y":528.3903045369794},"b":{"x":1384.9347420758236,"y":498.3219390926041},"c":{"x":1564.8850217526415,"y":481.3797389683033}},"0214.png":{"a":{"x":1105.941578620261,"y":528.3903045369794},"b":{"x":1381.3548788067123,"y":495.9353635798632},"c":{"x":1568.4648850217527,"y":480.1864512119329}},"0215.png":{"a":{"x":1105.941578620261,"y":524.8104412678682},"b":{"x":1382.5481665630828,"y":494.74207582349277},"c":{"x":1564.8850217526415,"y":478.99316345556247}},"0216.png":{"a":{"x":1103.5550031075202,"y":522.4238657551274},"b":{"x":1381.3548788067123,"y":491.16221255438154},"c":{"x":1567.2715972653823,"y":475.41330018645124}},"0217.png":{"a":{"x":1107.1348663766314,"y":517.6507147296458},"b":{"x":1382.5481665630828,"y":486.3890615288999},"c":{"x":1567.2715972653823,"y":470.64014916096954}},"0218.png":{"a":{"x":1110.7147296457429,"y":515.2641392169049},"b":{"x":1381.3548788067123,"y":486.3890615288999},"c":{"x":1568.4648850217527,"y":467.0602858918583}},"0219.png":{"a":{"x":1110.7147296457429,"y":514.0708514605345},"b":{"x":1384.9347420758236,"y":481.61591050341826},"c":{"x":1569.6581727781231,"y":465.8669981354879}},"0220.png":{"a":{"x":1109.5214418893722,"y":516.4574269732753},"b":{"x":1383.7414543194532,"y":481.61591050341826},"c":{"x":1568.4648850217527,"y":464.6737103791175}},"0221.png":{"a":{"x":1113.1013051584837,"y":512.8775637041641},"b":{"x":1388.5146053449348,"y":481.61591050341826},"c":{"x":1573.2380360472343,"y":465.8669981354879}},